<?xml version="1.0" encoding="utf-8"?>
<!DOCTYPE nta PUBLIC '-//Uppaal Team//DTD Flat System 1.6//EN' 'http://www.it.uu.se/research/group/darts/uppaal/flat-1_6.dtd'>
<nta>
	<declaration>// Place global declarations here.

// Timer declarations
const int TAEI = 800;
const int TAVI = 150;
const int TVRP = 150;
const int TPVARP = 100;
const int TURI = 400;
const int TLRI = 950; // AEI + AVI

// Random heart declarations
const int VMinwait = 1;
const int VMaxwait = 1200;
const int AMinwait = 1;
const int AMaxwait = 1200;</declaration>
	<template>
		<name x="5" y="5">RV</name>
		<parameter>broadcast chan &amp;VSense, broadcast chan &amp;VP</parameter>
		<declaration>// Place local declarations here.
clock x;</declaration>
		<location id="id0" x="0" y="0">
			<name x="-8" y="-34">RV</name>
			<label kind="invariant" x="17" y="-8">x&lt;VMaxwait</label>
		</location>
		<init ref="id0"/>
		<transition id="id1">
			<source ref="id0"/>
			<target ref="id0"/>
			<label kind="guard" x="-17" y="51">x&gt;VMinwait</label>
			<label kind="synchronisation" x="-17" y="68">VSense!</label>
			<label kind="assignment" x="-17" y="85">x=0</label>
			<nail x="-34" y="51"/>
			<nail x="34" y="51"/>
		</transition>
		<transition id="id2">
			<source ref="id0"/>
			<target ref="id0"/>
			<label kind="synchronisation" x="-17" y="-93">VP?</label>
			<label kind="assignment" x="-17" y="-76">x=0</label>
			<nail x="-34" y="-51"/>
			<nail x="34" y="-51"/>
		</transition>
	</template>
	<template>
		<name>RA</name>
		<parameter>broadcast chan &amp;ASense, broadcast chan &amp;AP</parameter>
		<declaration>clock x;</declaration>
		<location id="id3" x="-42" y="51">
			<name x="-50" y="17">RA</name>
			<label kind="invariant" x="-25" y="43">x&lt;AMaxwait</label>
		</location>
		<init ref="id3"/>
		<transition id="id4">
			<source ref="id3"/>
			<target ref="id3"/>
			<label kind="guard" x="-59" y="102">x&gt;AMinwait</label>
			<label kind="synchronisation" x="-59" y="119">ASense!</label>
			<label kind="assignment" x="-59" y="136">x=0</label>
			<nail x="-76" y="102"/>
			<nail x="-8" y="102"/>
		</transition>
		<transition id="id5">
			<source ref="id3"/>
			<target ref="id3"/>
			<label kind="synchronisation" x="-59" y="-42">AP?</label>
			<label kind="assignment" x="-59" y="-25">x=0</label>
			<nail x="-76" y="0"/>
			<nail x="-8" y="0"/>
		</transition>
	</template>
	<template>
		<name>AEI_Timer</name>
		<parameter>urgent chan &amp;AEI_Start, broadcast chan &amp;AEI_Ex, urgent chan &amp;AEI_Stop</parameter>
		<declaration>clock x;</declaration>
		<location id="id6" x="-110" y="-59">
			<name x="-93" y="-76">IDLE</name>
		</location>
		<location id="id7" x="-110" y="34">
			<name x="-127" y="51">Timer</name>
			<label kind="invariant" x="-127" y="68">x&lt;=TAEI</label>
		</location>
		<init ref="id6"/>
		<transition id="id8">
			<source ref="id6"/>
			<target ref="id7"/>
			<label kind="synchronisation" x="-59" y="-42">AEI_Start?</label>
			<label kind="assignment" x="-59" y="-25">x=0</label>
			<nail x="-59" y="-17"/>
		</transition>
		<transition id="id9">
			<source ref="id7"/>
			<target ref="id6"/>
			<label kind="synchronisation" x="-144" y="-25">AEI_Stop?</label>
		</transition>
		<transition id="id10">
			<source ref="id7"/>
			<target ref="id6"/>
			<label kind="guard" x="-220" y="-42">x&gt;=TAEI</label>
			<label kind="synchronisation" x="-220" y="-25">AEI_Ex!</label>
			<nail x="-161" y="-17"/>
		</transition>
	</template>
	<template>
		<name>AEI_Monitor</name>
		<parameter>broadcast chan &amp;VSense, broadcast chan &amp;VP, broadcast chan &amp;AEI_Ex, urgent chan &amp;AEI_Stop</parameter>
		<declaration>clock t;</declaration>
		<location id="id11" x="-391" y="-255">
			<name x="-433" y="-289">Idle</name>
		</location>
		<location id="id12" x="-255" y="-255">
			<name x="-246" y="-289">Wait</name>
		</location>
		<location id="id13" x="-153" y="-255">
			<name x="-163" y="-289">Ex_Get</name>
			<committed/>
		</location>
		<location id="id14" x="-255" y="-187">
			<name x="-229" y="-195">Stop_Get</name>
			<committed/>
		</location>
		<init ref="id11"/>
		<transition id="id15">
			<source ref="id14"/>
			<target ref="id11"/>
			<label kind="assignment" x="-357" y="-187">t=0</label>
			<nail x="-391" y="-187"/>
		</transition>
		<transition id="id16">
			<source ref="id12"/>
			<target ref="id14"/>
			<label kind="synchronisation" x="-238" y="-229">AEI_Stop?</label>
		</transition>
		<transition id="id17">
			<source ref="id13"/>
			<target ref="id11"/>
			<label kind="assignment" x="-357" y="-119">t=0</label>
			<nail x="-59" y="-255"/>
			<nail x="-59" y="-119"/>
			<nail x="-484" y="-119"/>
			<nail x="-484" y="-255"/>
		</transition>
		<transition id="id18">
			<source ref="id12"/>
			<target ref="id13"/>
			<label kind="synchronisation" x="-237" y="-272">AEI_Ex?</label>
		</transition>
		<transition id="id19">
			<source ref="id11"/>
			<target ref="id12"/>
			<label kind="synchronisation" x="-357" y="-289">VP?</label>
			<label kind="assignment" x="-357" y="-272">t=0</label>
		</transition>
		<transition id="id20">
			<source ref="id11"/>
			<target ref="id12"/>
			<label kind="synchronisation" x="-357" y="-348">VSense?</label>
			<label kind="assignment" x="-357" y="-331">t=0</label>
			<nail x="-391" y="-306"/>
			<nail x="-255" y="-306"/>
		</transition>
	</template>
	<template>
		<name>AEI</name>
		<parameter>broadcast chan &amp;ASense, broadcast chan &amp;VSense, broadcast chan &amp;AP, broadcast chan &amp;VP, urgent chan &amp;AEI_Start, broadcast chan &amp;AEI_Ex, urgent chan &amp;AEI_Stop, broadcast chan &amp;PVARP_Ex</parameter>
		<location id="id21" x="-272" y="-161">
			<name x="-255" y="-178">WaitPVARP</name>
		</location>
		<location id="id22" x="-476" y="-161">
			<name x="-527" y="-178">IDLE</name>
		</location>
		<location id="id23" x="-382" y="-161">
			<committed/>
		</location>
		<location id="id24" x="-476" y="-42">
			<name x="-544" y="-68">Gen_AP</name>
			<committed/>
		</location>
		<location id="id25" x="-272" y="-42">
		</location>
		<location id="id26" x="-374" y="-102">
			<committed/>
		</location>
		<init ref="id22"/>
		<transition id="id27">
			<source ref="id22"/>
			<target ref="id23"/>
			<label kind="synchronisation" x="-459" y="-221">VSense?</label>
			<nail x="-459" y="-195"/>
			<nail x="-399" y="-195"/>
		</transition>
		<transition id="id28">
			<source ref="id26"/>
			<target ref="id22"/>
			<label kind="synchronisation" x="-450" y="-136">AEI_Stop!</label>
			<nail x="-442" y="-102"/>
		</transition>
		<transition id="id29">
			<source ref="id24"/>
			<target ref="id22"/>
			<label kind="synchronisation" x="-510" y="-110">AP!</label>
			<nail x="-476" y="-68"/>
		</transition>
		<transition id="id30">
			<source ref="id25"/>
			<target ref="id24"/>
			<label kind="synchronisation" x="-408" y="-42">AEI_Ex?</label>
		</transition>
		<transition id="id31">
			<source ref="id25"/>
			<target ref="id26"/>
			<label kind="synchronisation" x="-357" y="-85">ASense?</label>
			<nail x="-306" y="-102"/>
		</transition>
		<transition id="id32">
			<source ref="id21"/>
			<target ref="id25"/>
			<label kind="synchronisation" x="-263" y="-110">PVARP_Ex?</label>
		</transition>
		<transition id="id33">
			<source ref="id22"/>
			<target ref="id23"/>
			<label kind="synchronisation" x="-442" y="-178">VP?</label>
			<nail x="-425" y="-161"/>
		</transition>
		<transition id="id34">
			<source ref="id23"/>
			<target ref="id21"/>
			<label kind="synchronisation" x="-365" y="-187">AEI_Start!</label>
			<nail x="-297" y="-161"/>
		</transition>
	</template>
	<template>
		<name>AVI_Timer</name>
		<parameter>urgent chan &amp;AVI_Start, broadcast chan &amp;AVI_Ex, urgent chan &amp;AVI_Stop</parameter>
		<declaration>clock x;</declaration>
		<location id="id35" x="-119" y="-59">
			<name x="-102" y="-76">IDLE</name>
		</location>
		<location id="id36" x="-119" y="34">
			<name x="-136" y="51">Timer</name>
			<label kind="invariant" x="-136" y="68">x&lt;=TAVI</label>
		</location>
		<init ref="id35"/>
		<transition id="id37">
			<source ref="id35"/>
			<target ref="id36"/>
			<label kind="synchronisation" x="-68" y="-42">AVI_Start?</label>
			<label kind="assignment" x="-68" y="-25">x=0</label>
			<nail x="-68" y="-17"/>
		</transition>
		<transition id="id38">
			<source ref="id36"/>
			<target ref="id35"/>
			<label kind="synchronisation" x="-153" y="-25">AVI_Stop?</label>
		</transition>
		<transition id="id39">
			<source ref="id36"/>
			<target ref="id35"/>
			<label kind="guard" x="-229" y="-42">x&gt;=TAVI</label>
			<label kind="synchronisation" x="-229" y="-25">AVI_Ex!</label>
			<nail x="-170" y="-17"/>
		</transition>
	</template>
	<template>
		<name>AVI_Monitor</name>
		<parameter>broadcast chan &amp;ASense, broadcast chan &amp;AP, broadcast chan &amp;AVI_Ex, urgent chan &amp;AVI_Stop</parameter>
		<declaration>clock t;</declaration>
		<location id="id40" x="-297" y="-42">
			<name x="-339" y="-76">Idle</name>
		</location>
		<location id="id41" x="-161" y="-42">
			<name x="-153" y="-76">Wait</name>
		</location>
		<location id="id42" x="-34" y="-42">
			<name x="-44" y="-76">Ex_Get</name>
			<committed/>
		</location>
		<location id="id43" x="-161" y="34">
			<name x="-136" y="25">Stop_Get</name>
			<committed/>
		</location>
		<init ref="id40"/>
		<transition id="id44">
			<source ref="id43"/>
			<target ref="id40"/>
			<label kind="assignment" x="-279" y="34">t=0</label>
			<nail x="-297" y="34"/>
		</transition>
		<transition id="id45">
			<source ref="id41"/>
			<target ref="id43"/>
			<label kind="synchronisation" x="-127" y="-8">AVI_Stop?</label>
		</transition>
		<transition id="id46">
			<source ref="id42"/>
			<target ref="id40"/>
			<label kind="assignment" x="-263" y="93">t=0</label>
			<nail x="26" y="-42"/>
			<nail x="26" y="94"/>
			<nail x="-399" y="93"/>
			<nail x="-399" y="-42"/>
		</transition>
		<transition id="id47">
			<source ref="id41"/>
			<target ref="id42"/>
			<label kind="synchronisation" x="-127" y="-59">AVI_Ex?</label>
		</transition>
		<transition id="id48">
			<source ref="id40"/>
			<target ref="id41"/>
			<label kind="synchronisation" x="-263" y="-76">AP?</label>
			<label kind="assignment" x="-263" y="-59">t=0</label>
		</transition>
		<transition id="id49">
			<source ref="id40"/>
			<target ref="id41"/>
			<label kind="synchronisation" x="-263" y="-144">ASense?</label>
			<label kind="assignment" x="-263" y="-127">t=0</label>
			<nail x="-297" y="-110"/>
			<nail x="-161" y="-110"/>
		</transition>
	</template>
	<template>
		<name>AVI</name>
		<parameter>broadcast chan &amp;ASense, broadcast chan &amp;VSense, broadcast chan &amp;AP, broadcast chan &amp;VP, urgent chan &amp;AVI_Start, broadcast chan &amp;AVI_Ex, urgent chan &amp;AVI_Stop, broadcast chan &amp;URI_Ex</parameter>
		<location id="id50" x="-306" y="-93">
			<name x="-357" y="-110">IDLE</name>
		</location>
		<location id="id51" x="8" y="-93">
			<name x="-1" y="-127">WaitAVIURI</name>
		</location>
		<location id="id52" x="-153" y="-93">
			<committed/>
		</location>
		<location id="id53" x="-306" y="17">
			<name x="-374" y="0">Gen_VP</name>
			<committed/>
		</location>
		<location id="id54" x="-153" y="-34">
			<committed/>
		</location>
		<location id="id55" x="-153" y="17">
		</location>
		<location id="id56" x="8" y="17">
		</location>
		<init ref="id50"/>
		<transition id="id57">
			<source ref="id52"/>
			<target ref="id51"/>
			<label kind="synchronisation" x="-136" y="-119">AVI_Start!</label>
		</transition>
		<transition id="id58">
			<source ref="id56"/>
			<target ref="id53"/>
			<label kind="synchronisation" x="-178" y="51">AVI_Ex?</label>
			<nail x="-43" y="76"/>
			<nail x="-187" y="76"/>
			<nail x="-272" y="76"/>
		</transition>
		<transition id="id59">
			<source ref="id51"/>
			<target ref="id56"/>
			<label kind="synchronisation" x="16" y="-51">URI_Ex?</label>
		</transition>
		<transition id="id60">
			<source ref="id55"/>
			<target ref="id53"/>
			<label kind="synchronisation" x="-255" y="-8">URI_Ex?</label>
		</transition>
		<transition id="id61">
			<source ref="id51"/>
			<target ref="id55"/>
			<label kind="synchronisation" x="-136" y="-8">AVI_Ex?</label>
			<nail x="-60" y="17"/>
		</transition>
		<transition id="id62">
			<source ref="id54"/>
			<target ref="id50"/>
			<label kind="synchronisation" x="-255" y="-59">AVI_Stop!</label>
			<nail x="-263" y="-34"/>
		</transition>
		<transition id="id63">
			<source ref="id51"/>
			<target ref="id54"/>
			<label kind="synchronisation" x="-136" y="-59">VSense?</label>
			<nail x="-86" y="-34"/>
		</transition>
		<transition id="id64">
			<source ref="id53"/>
			<target ref="id50"/>
			<label kind="synchronisation" x="-331" y="-51">VP!</label>
		</transition>
		<transition id="id65">
			<source ref="id50"/>
			<target ref="id52"/>
			<label kind="synchronisation" x="-255" y="-119">AP?</label>
			<nail x="-255" y="-93"/>
		</transition>
		<transition id="id66">
			<source ref="id50"/>
			<target ref="id52"/>
			<label kind="synchronisation" x="-255" y="-161">ASense?</label>
			<nail x="-280" y="-136"/>
			<nail x="-263" y="-136"/>
			<nail x="-246" y="-136"/>
			<nail x="-195" y="-136"/>
			<nail x="-187" y="-136"/>
		</transition>
	</template>
	<template>
		<name>VRP_Timer</name>
		<parameter>urgent chan &amp;VRP_Start, broadcast chan &amp;VRP_Ex</parameter>
		<declaration>clock x;</declaration>
		<location id="id67" x="0" y="0">
			<name x="-10" y="-34">IDLE</name>
		</location>
		<location id="id68" x="0" y="68">
			<name x="-8" y="85">Timer</name>
			<label kind="invariant" x="-8" y="102">x&lt;=TVRP</label>
		</location>
		<init ref="id67"/>
		<transition id="id69">
			<source ref="id68"/>
			<target ref="id67"/>
			<label kind="guard" x="-93" y="8">x&gt;=TVRP</label>
			<label kind="synchronisation" x="-93" y="25">VRP_Ex!</label>
			<nail x="-34" y="34"/>
		</transition>
		<transition id="id70">
			<source ref="id67"/>
			<target ref="id68"/>
			<label kind="synchronisation" x="34" y="8">VRP_Start?</label>
			<label kind="assignment" x="34" y="25">x=0</label>
			<nail x="34" y="34"/>
		</transition>
	</template>
	<template>
		<name>VRP_Monitor</name>
		<parameter>broadcast chan &amp;VSense, broadcast chan &amp;VP, broadcast chan &amp;VRP_Ex</parameter>
		<declaration>clock t;</declaration>
		<location id="id71" x="-518" y="-178">
			<name x="-552" y="-212">Wait1</name>
		</location>
		<location id="id72" x="-365" y="-178">
			<name x="-382" y="-161">Wait2</name>
		</location>
		<location id="id73" x="-221" y="-178">
			<name x="-231" y="-212">Ex_Get</name>
			<committed/>
		</location>
		<init ref="id71"/>
		<transition id="id74">
			<source ref="id73"/>
			<target ref="id71"/>
			<label kind="assignment" x="-382" y="-93">t=0</label>
			<nail x="-221" y="-93"/>
			<nail x="-518" y="-93"/>
		</transition>
		<transition id="id75">
			<source ref="id71"/>
			<target ref="id72"/>
			<label kind="synchronisation" x="-493" y="-263">VSense?</label>
			<label kind="assignment" x="-493" y="-246">t=0</label>
			<nail x="-442" y="-246"/>
		</transition>
		<transition id="id76">
			<source ref="id72"/>
			<target ref="id73"/>
			<label kind="synchronisation" x="-331" y="-195">VRP_Ex?</label>
		</transition>
		<transition id="id77">
			<source ref="id71"/>
			<target ref="id72"/>
			<label kind="synchronisation" x="-476" y="-178">VP?</label>
			<label kind="assignment" x="-442" y="-178">t=0</label>
		</transition>
	</template>
	<template>
		<name>VRP</name>
		<parameter>broadcast chan &amp;VSense, broadcast chan &amp;VP, urgent chan &amp;VRP_Start, broadcast chan &amp;VRP_Ex</parameter>
		<location id="id78" x="-187" y="-34">
			<name x="-238" y="-51">IDLE</name>
		</location>
		<location id="id79" x="-85" y="-68">
			<committed/>
		</location>
		<location id="id80" x="-17" y="-34">
			<name x="0" y="-51">WaitVRP</name>
		</location>
		<location id="id81" x="-17" y="42">
			<name x="-25" y="59">Block</name>
			<committed/>
		</location>
		<init ref="id78"/>
		<transition id="id82">
			<source ref="id81"/>
			<target ref="id80"/>
		</transition>
		<transition id="id83">
			<source ref="id80"/>
			<target ref="id81"/>
			<label kind="synchronisation" x="42" y="-8">VSense?</label>
			<nail x="42" y="8"/>
		</transition>
		<transition id="id84">
			<source ref="id80"/>
			<target ref="id78"/>
			<label kind="synchronisation" x="-136" y="-17">VRP_Ex?</label>
			<nail x="-42" y="0"/>
			<nail x="-170" y="0"/>
		</transition>
		<transition id="id85">
			<source ref="id78"/>
			<target ref="id79"/>
			<label kind="synchronisation" x="-170" y="-51">VP?</label>
			<nail x="-110" y="-34"/>
		</transition>
		<transition id="id86">
			<source ref="id79"/>
			<target ref="id80"/>
			<label kind="synchronisation" x="-68" y="-85">VRP_Start!</label>
			<nail x="-34" y="-68"/>
		</transition>
		<transition id="id87">
			<source ref="id78"/>
			<target ref="id79"/>
			<label kind="synchronisation" x="-170" y="-85">VSense?</label>
			<nail x="-170" y="-68"/>
		</transition>
	</template>
	<template>
		<name>PVARP_Timer</name>
		<parameter>urgent chan &amp;PVARP_Start, broadcast chan &amp;PVARP_Ex</parameter>
		<declaration>clock x;</declaration>
		<location id="id88" x="-127" y="51">
			<name x="-135" y="68">Timer</name>
			<label kind="invariant" x="-135" y="85">x&lt;=TPVARP</label>
		</location>
		<location id="id89" x="-127" y="-17">
			<name x="-137" y="-51">IDLE</name>
		</location>
		<init ref="id89"/>
		<transition id="id90">
			<source ref="id88"/>
			<target ref="id89"/>
			<label kind="guard" x="-238" y="-8">x&gt;=TPVARP</label>
			<label kind="synchronisation" x="-238" y="8">PVARP_Ex!</label>
			<nail x="-161" y="17"/>
		</transition>
		<transition id="id91">
			<source ref="id89"/>
			<target ref="id88"/>
			<label kind="synchronisation" x="-93" y="-9">PVARP_Start?</label>
			<label kind="assignment" x="-93" y="8">x=0</label>
			<nail x="-93" y="17"/>
		</transition>
	</template>
	<template>
		<name>PVARP_Monitor</name>
		<parameter>broadcast chan &amp;VSense, broadcast chan &amp;VP, broadcast chan &amp;PVARP_Ex</parameter>
		<declaration>clock t;</declaration>
		<location id="id92" x="76" y="-42">
			<name x="66" y="-72">Ex_Get</name>
			<committed/>
		</location>
		<location id="id93" x="-52" y="-42">
			<name x="-68" y="-74">Wait2</name>
		</location>
		<location id="id94" x="-188" y="-42">
			<name x="-212" y="-74">Wait1</name>
		</location>
		<init ref="id94"/>
		<transition id="id95">
			<source ref="id92"/>
			<target ref="id94"/>
			<label kind="assignment" x="-68" y="6">t=0</label>
			<nail x="76" y="22"/>
			<nail x="-188" y="22"/>
		</transition>
		<transition id="id96">
			<source ref="id93"/>
			<target ref="id92"/>
			<label kind="synchronisation" x="-17" y="-68">PVARP_Ex?</label>
		</transition>
		<transition id="id97">
			<source ref="id94"/>
			<target ref="id93"/>
			<label kind="synchronisation" x="-156" y="-58">VP?</label>
			<label kind="assignment" x="-116" y="-58">t=0</label>
		</transition>
		<transition id="id98">
			<source ref="id94"/>
			<target ref="id93"/>
			<label kind="synchronisation" x="-164" y="-98">VSense?</label>
			<label kind="assignment" x="-100" y="-98">t=0</label>
			<nail x="-124" y="-82"/>
		</transition>
	</template>
	<template>
		<name>PVARP</name>
		<parameter>broadcast chan &amp;ASense, broadcast chan &amp;VSense, broadcast chan &amp;VP, urgent chan &amp;PVARP_Start, broadcast chan &amp;PVARP_Ex</parameter>
		<location id="id99" x="0" y="-34">
			<name x="17" y="-51">WaitPVARP</name>
		</location>
		<location id="id100" x="-195" y="-34">
			<name x="-246" y="-51">IDLE</name>
		</location>
		<location id="id101" x="-85" y="-68">
			<committed/>
		</location>
		<location id="id102" x="0" y="51">
			<name x="-8" y="68">Block</name>
			<committed/>
		</location>
		<init ref="id100"/>
		<transition id="id103">
			<source ref="id102"/>
			<target ref="id99"/>
		</transition>
		<transition id="id104">
			<source ref="id99"/>
			<target ref="id102"/>
			<label kind="synchronisation" x="51" y="-8">ASense?</label>
			<nail x="51" y="8"/>
		</transition>
		<transition id="id105">
			<source ref="id99"/>
			<target ref="id100"/>
			<label kind="synchronisation" x="-136" y="-17">PVARP_Ex?</label>
			<nail x="-25" y="0"/>
			<nail x="-178" y="0"/>
		</transition>
		<transition id="id106">
			<source ref="id100"/>
			<target ref="id101"/>
			<label kind="synchronisation" x="-170" y="-51">VP?</label>
			<nail x="-110" y="-34"/>
		</transition>
		<transition id="id107">
			<source ref="id101"/>
			<target ref="id99"/>
			<label kind="synchronisation" x="-68" y="-85">PVARP_Start!</label>
			<nail x="-17" y="-68"/>
		</transition>
		<transition id="id108">
			<source ref="id100"/>
			<target ref="id101"/>
			<label kind="synchronisation" x="-170" y="-85">VSense?</label>
			<nail x="-178" y="-68"/>
		</transition>
	</template>
	<template>
		<name>URI_Timer</name>
		<parameter>urgent chan &amp;URI_Start, broadcast chan &amp;URI_Ex, urgent chan &amp;URI_Stop</parameter>
		<declaration>clock x;</declaration>
		<location id="id109" x="-85" y="42">
			<name x="-93" y="59">Timer</name>
			<label kind="invariant" x="-93" y="76">x&lt;=TURI</label>
		</location>
		<location id="id110" x="-85" y="-42">
			<name x="-68" y="-59">IDLE</name>
		</location>
		<init ref="id110"/>
		<transition id="id111">
			<source ref="id109"/>
			<target ref="id110"/>
			<label kind="synchronisation" x="-119" y="-8">URI_Stop?</label>
		</transition>
		<transition id="id112">
			<source ref="id109"/>
			<target ref="id110"/>
			<label kind="guard" x="-195" y="-17">x&gt;=TURI</label>
			<label kind="synchronisation" x="-195" y="0">URI_Ex!</label>
			<nail x="-136" y="0"/>
		</transition>
		<transition id="id113">
			<source ref="id110"/>
			<target ref="id109"/>
			<label kind="synchronisation" x="-25" y="-17">URI_Start?</label>
			<label kind="assignment" x="-25" y="0">x=0</label>
			<nail x="-34" y="0"/>
		</transition>
	</template>
	<template>
		<name>URI_Monitor</name>
		<parameter>broadcast chan &amp;VSense, broadcast chan &amp;VP, broadcast chan &amp;URI_Ex, urgent chan &amp;URI_Stop</parameter>
		<declaration>clock t;</declaration>
		<location id="id114" x="0" y="0">
			<name x="-42" y="-34">Idle</name>
		</location>
		<location id="id115" x="153" y="0">
			<name x="110" y="-34">Wait</name>
		</location>
		<location id="id116" x="76" y="68">
			<name x="51" y="34">Ex_Get</name>
			<committed/>
		</location>
		<location id="id117" x="272" y="0">
			<name x="262" y="-34">Stop_Get</name>
			<committed/>
		</location>
		<init ref="id114"/>
		<transition id="id118">
			<source ref="id117"/>
			<target ref="id114"/>
			<label kind="assignment" x="-76" y="170">t=0</label>
			<nail x="272" y="170"/>
			<nail x="-102" y="170"/>
			<nail x="-102" y="0"/>
		</transition>
		<transition id="id119">
			<source ref="id115"/>
			<target ref="id117"/>
			<label kind="synchronisation" x="170" y="-25">URI_Stop?</label>
		</transition>
		<transition id="id120">
			<source ref="id116"/>
			<target ref="id114"/>
			<label kind="assignment" x="8" y="68">t=0</label>
			<nail x="0" y="68"/>
		</transition>
		<transition id="id121">
			<source ref="id115"/>
			<target ref="id116"/>
			<label kind="synchronisation" x="102" y="68">URI_Ex?</label>
			<nail x="153" y="68"/>
		</transition>
		<transition id="id122">
			<source ref="id114"/>
			<target ref="id115"/>
			<label kind="synchronisation" x="34" y="-34">VP?</label>
			<label kind="assignment" x="34" y="-17">t=0</label>
		</transition>
		<transition id="id123">
			<source ref="id114"/>
			<target ref="id115"/>
			<label kind="synchronisation" x="34" y="-102">VSense?</label>
			<label kind="assignment" x="34" y="-85">t=0</label>
			<nail x="0" y="-68"/>
			<nail x="153" y="-68"/>
		</transition>
	</template>
	<template>
		<name>URI</name>
		<parameter>broadcast chan &amp;VSense, broadcast chan &amp;VP, urgent chan &amp;URI_Start, broadcast chan &amp;URI_Ex, urgent chan &amp;URI_Stop, broadcast chan &amp;VRP_Ex</parameter>
		<location id="id124" x="-323" y="-272">
			<name x="-306" y="-289">WaitVRP</name>
		</location>
		<location id="id125" x="-535" y="-272">
			<name x="-586" y="-289">IDLE</name>
		</location>
		<location id="id126" x="-450" y="-272">
			<committed/>
		</location>
		<location id="id127" x="-323" y="-153">
		</location>
		<location id="id128" x="-450" y="-195">
			<committed/>
		</location>
		<init ref="id125"/>
		<transition id="id129">
			<source ref="id128"/>
			<target ref="id126"/>
			<label kind="synchronisation" x="-433" y="-246">URI_Stop!</label>
		</transition>
		<transition id="id130">
			<source ref="id127"/>
			<target ref="id128"/>
			<label kind="synchronisation" x="-433" y="-221">VSense?</label>
			<nail x="-357" y="-195"/>
		</transition>
		<transition id="id131">
			<source ref="id127"/>
			<target ref="id125"/>
			<label kind="synchronisation" x="-509" y="-179">URI_Ex?</label>
			<nail x="-535" y="-153"/>
		</transition>
		<transition id="id132">
			<source ref="id124"/>
			<target ref="id127"/>
			<label kind="synchronisation" x="-314" y="-221">VRP_Ex?</label>
		</transition>
		<transition id="id133">
			<source ref="id125"/>
			<target ref="id126"/>
			<label kind="synchronisation" x="-510" y="-289">VP?</label>
			<nail x="-484" y="-272"/>
		</transition>
		<transition id="id134">
			<source ref="id126"/>
			<target ref="id124"/>
			<label kind="synchronisation" x="-433" y="-297">URI_Start!</label>
			<nail x="-399" y="-272"/>
		</transition>
		<transition id="id135">
			<source ref="id125"/>
			<target ref="id126"/>
			<label kind="synchronisation" x="-518" y="-323">VSense?</label>
			<nail x="-518" y="-306"/>
			<nail x="-467" y="-306"/>
		</transition>
	</template>
	<template>
		<name>LRI_Timer</name>
		<parameter>urgent chan &amp;LRI_Start, broadcast chan &amp;LRI_Ex, urgent chan &amp;LRI_Stop</parameter>
		<declaration>clock x;</declaration>
		<location id="id136" x="-119" y="-59">
			<name x="-129" y="-93">IDLE</name>
		</location>
		<location id="id137" x="-119" y="34">
			<name x="-136" y="51">Timer</name>
			<label kind="invariant" x="-136" y="68">x&lt;=TLRI</label>
		</location>
		<init ref="id136"/>
		<transition id="id138">
			<source ref="id136"/>
			<target ref="id137"/>
			<label kind="synchronisation" x="-68" y="-42">LRI_Start?</label>
			<label kind="assignment" x="-68" y="-25">x=0</label>
			<nail x="-68" y="-17"/>
		</transition>
		<transition id="id139">
			<source ref="id137"/>
			<target ref="id136"/>
			<label kind="synchronisation" x="-153" y="-25">LRI_Stop?</label>
		</transition>
		<transition id="id140">
			<source ref="id137"/>
			<target ref="id136"/>
			<label kind="guard" x="-229" y="-42">x&gt;=TLRI</label>
			<label kind="synchronisation" x="-229" y="-25">LRI_Ex!</label>
			<nail x="-170" y="-17"/>
		</transition>
	</template>
	<template>
		<name>LRI_Monitor</name>
		<parameter>broadcast chan &amp;VSense, broadcast chan &amp;VP, broadcast chan &amp;LRI_Ex</parameter>
		<declaration>clock t;</declaration>
		<location id="id141" x="-493" y="-195">
			<name x="-518" y="-229">Wait</name>
		</location>
		<location id="id142" x="-348" y="-195">
			<name x="-365" y="-238">Idle</name>
		</location>
		<location id="id143" x="-204" y="-144">
			<name x="-214" y="-178">VP_Get</name>
			<committed/>
		</location>
		<location id="id144" x="-204" y="-195">
			<name x="-214" y="-229">VSense_Get</name>
			<committed/>
		</location>
		<location id="id145" x="-144" y="-144">
			<name x="-127" y="-161">VEvent_Get</name>
			<committed/>
		</location>
		<location id="id146" x="-348" y="-289">
			<name x="-374" y="-340">Ex_Get</name>
			<committed/>
		</location>
		<init ref="id141"/>
		<transition id="id147">
			<source ref="id146"/>
			<target ref="id142"/>
			<label kind="assignment" x="-331" y="-314">t=0</label>
			<nail x="-314" y="-289"/>
			<nail x="-314" y="-229"/>
		</transition>
		<transition id="id148">
			<source ref="id142"/>
			<target ref="id146"/>
			<label kind="synchronisation" x="-425" y="-314">LRI_Ex?</label>
			<nail x="-391" y="-229"/>
			<nail x="-391" y="-289"/>
		</transition>
		<transition id="id149">
			<source ref="id143"/>
			<target ref="id145"/>
		</transition>
		<transition id="id150">
			<source ref="id145"/>
			<target ref="id142"/>
			<label kind="assignment" x="-306" y="-119">t=0</label>
			<nail x="-144" y="-119"/>
			<nail x="-348" y="-119"/>
		</transition>
		<transition id="id151">
			<source ref="id144"/>
			<target ref="id145"/>
			<nail x="-144" y="-195"/>
		</transition>
		<transition id="id152">
			<source ref="id142"/>
			<target ref="id144"/>
			<label kind="synchronisation" x="-314" y="-221">VSense?</label>
			<nail x="-297" y="-195"/>
		</transition>
		<transition id="id153">
			<source ref="id142"/>
			<target ref="id143"/>
			<label kind="synchronisation" x="-306" y="-170">VP?</label>
			<nail x="-323" y="-144"/>
		</transition>
		<transition id="id154">
			<source ref="id141"/>
			<target ref="id142"/>
			<label kind="synchronisation" x="-450" y="-229">VSense?</label>
			<label kind="assignment" x="-450" y="-212">t=0</label>
			<nail x="-450" y="-195"/>
			<nail x="-382" y="-195"/>
		</transition>
		<transition id="id155">
			<source ref="id141"/>
			<target ref="id142"/>
			<label kind="synchronisation" x="-450" y="-170">VP?</label>
			<label kind="assignment" x="-450" y="-153">t=0</label>
			<nail x="-467" y="-136"/>
			<nail x="-374" y="-136"/>
		</transition>
	</template>
	<template>
		<name>LRI</name>
		<parameter>broadcast chan &amp;VSense, broadcast chan &amp;VP, urgent chan &amp;LRI_Start, broadcast chan &amp;LRI_Ex, urgent chan &amp;LRI_Stop, broadcast chan &amp;VRP_Ex</parameter>
		<location id="id156" x="-399" y="-144">
			<name x="-459" y="-178">INITIAL</name>
		</location>
		<location id="id157" x="-306" y="-144">
			<committed/>
		</location>
		<location id="id158" x="-51" y="-144">
			<name x="-35" y="-161">WaitVRP</name>
		</location>
		<location id="id159" x="-51" y="17">
			<name x="-35" y="0">WaitLRI</name>
		</location>
		<location id="id160" x="-178" y="-85">
			<committed/>
		</location>
		<location id="id161" x="-306" y="17">
			<name x="-374" y="-8">Gen_VP</name>
			<committed/>
		</location>
		<init ref="id156"/>
		<transition id="id162">
			<source ref="id159"/>
			<target ref="id160"/>
			<label kind="synchronisation" x="-153" y="-42">VP?</label>
			<nail x="-85" y="-17"/>
			<nail x="-178" y="-17"/>
		</transition>
		<transition id="id163">
			<source ref="id156"/>
			<target ref="id157"/>
			<label kind="synchronisation" x="-365" y="-118">VP?</label>
			<nail x="-357" y="-118"/>
		</transition>
		<transition id="id164">
			<source ref="id161"/>
			<target ref="id157"/>
			<label kind="synchronisation" x="-331" y="-76">VP!</label>
		</transition>
		<transition id="id165">
			<source ref="id159"/>
			<target ref="id161"/>
			<label kind="synchronisation" x="-204" y="17">LRI_Ex?</label>
		</transition>
		<transition id="id166">
			<source ref="id160"/>
			<target ref="id157"/>
			<label kind="synchronisation" x="-272" y="-110">LRI_Stop!</label>
			<nail x="-280" y="-85"/>
		</transition>
		<transition id="id167">
			<source ref="id159"/>
			<target ref="id160"/>
			<label kind="synchronisation" x="-153" y="-110">VSense?</label>
			<nail x="-85" y="-85"/>
		</transition>
		<transition id="id168">
			<source ref="id158"/>
			<target ref="id159"/>
			<label kind="synchronisation" x="-42" y="-76">VRP_Ex?</label>
		</transition>
		<transition id="id169">
			<source ref="id157"/>
			<target ref="id158"/>
			<label kind="synchronisation" x="-221" y="-170">LRI_Start!</label>
		</transition>
		<transition id="id170">
			<source ref="id156"/>
			<target ref="id157"/>
			<label kind="synchronisation" x="-382" y="-186">VSense?</label>
			<nail x="-357" y="-169"/>
		</transition>
	</template>
	<system>// Broadcast channels
broadcast chan VSense, ASense;
broadcast chan VP, AP;
broadcast chan AEI_Start, AVI_Start, VRP_Start, PVARP_Start, URI_Start, LRI_Start;
broadcast chan AEI_Ex, AVI_Ex, VRP_Ex, PVARP_Ex, URI_Ex, LRI_Ex;
broadcast chan AEI_Stop, AVI_Stop, URI_Stop, LRI_Stop;


// Template instantiations
Random_Ventricle = RV(VSense, VP);
Random_Atrium = RA(ASense, AP);

Timer_AEI = AEI_Timer(AEI_Start, AEI_Ex, AEI_Stop);
Timer_AVI = AVI_Timer(AVI_Start, AVI_Ex, AVI_Stop);
Timer_VRP = VRP_Timer(VRP_Start, VRP_Ex);
Timer_PVARP = PVARP_Timer(PVARP_Start, PVARP_Ex);
Timer_URI = URI_Timer(URI_Start, URI_Ex, URI_Stop);
Timer_LRI = LRI_Timer(LRI_Start, LRI_Ex, LRI_Stop);

Con_AEI = AEI(ASense, VSense, AP, VP, AEI_Start, AEI_Ex, AEI_Stop, PVARP_Ex);
Con_AVI = AVI(ASense, VSense, AP, VP, AVI_Start, AVI_Ex, AVI_Stop, URI_Ex);
Con_VRP = VRP(VSense, VP, VRP_Start, VRP_Ex);
Con_PVARP = PVARP(ASense, VSense, VP, PVARP_Start, PVARP_Ex);
Con_URI = URI(VSense, VP, URI_Start, URI_Ex, URI_Stop, VRP_Ex);
Con_LRI = LRI(VSense, VP, LRI_Start, LRI_Ex, LRI_Stop, VRP_Ex);

Monitor_AEI = AEI_Monitor(VSense, VP, AEI_Ex, AEI_Stop);
Monitor_AVI = AVI_Monitor(ASense, AP, AVI_Ex, AVI_Stop);
Monitor_VRP = VRP_Monitor(VSense, VP, VRP_Ex);
Monitor_PVARP = PVARP_Monitor(VSense, VP, PVARP_Ex);
Monitor_URI = URI_Monitor(VSense, VP, URI_Ex, URI_Stop);
Monitor_LRI = LRI_Monitor(VSense, VP, LRI_Ex);

// Compose the system
system Random_Ventricle, Random_Atrium, Timer_AEI, Timer_AVI, Timer_VRP, Timer_PVARP, Timer_URI, Timer_LRI, Monitor_AEI, Monitor_AVI, Monitor_VRP, Monitor_PVARP, Monitor_URI, Monitor_LRI, Con_AEI, Con_AVI, Con_VRP, Con_PVARP, Con_URI, Con_LRI;</system>
	<queries>
		<option key="--diagnostic" value="1"/>
		<query>
			<formula>A[] not deadlock</formula>
			<comment>The system is deadlock free
A - On all paths
[] - Always
</comment>
			<result outcome="success" type="quality" timestamp="2024-08-28 08:35:43 +1200">
				<option key="--diagnostic" value="1"/>
			</result>
		</query>
		<query>
			<formula>A[] (Monitor_VRP.Ex_Get imply Monitor_VRP.t &gt;= TVRP)</formula>
			<comment>A ventricular sense (VS) cannot be generated within VRP.
</comment>
			<result outcome="success" type="quality" timestamp="2024-08-28 08:35:50 +1200">
				<option key="--diagnostic" value="1"/>
			</result>
		</query>
		<query>
			<formula>A[] (Monitor_PVARP.Ex_Get imply Monitor_PVARP.t &gt;= TPVARP)</formula>
			<comment>An atrial sense (AS) cannot be generated within PVARP.</comment>
			<result outcome="success" type="quality" timestamp="2024-08-28 08:35:57 +1200">
				<option key="--diagnostic" value="1"/>
			</result>
		</query>
		<query>
			<formula>A[] (Monitor_AEI.Ex_Get imply Monitor_AEI.t &gt;= TAEI)</formula>
			<comment>The pacemaker never delivers a pacing pulse (AP) within AEI.</comment>
			<result outcome="success" type="quality" timestamp="2024-08-28 08:36:04 +1200">
				<option key="--diagnostic" value="1"/>
			</result>
		</query>
		<query>
			<formula>A[] (Monitor_AVI.Ex_Get imply Monitor_AVI.t &gt;= TAVI)</formula>
			<comment>The pacemaker never delivers a pacing pulse (VP) within AVI.</comment>
			<result outcome="success" type="quality" timestamp="2024-08-28 08:36:14 +1200">
				<option key="--diagnostic" value="1"/>
			</result>
		</query>
		<query>
			<formula>A[] ((Monitor_URI.Ex_Get imply Monitor_URI.t &gt;= TURI) or (Monitor_LRI.Ex_Get imply Monitor_LRI.t &gt;= TURI))</formula>
			<comment>The pacemaker never delivers a pacing pulse (VP) within URI.</comment>
			<option key="--diagnostic" value="1"/>
			<result outcome="success" type="quality" timestamp="2024-08-28 08:36:40 +1200">
				<option key="--diagnostic" value="1"/>
			</result>
		</query>
		<query>
			<formula>A[] (Monitor_LRI.VEvent_Get imply Monitor_LRI.t &lt;= TLRI)</formula>
			<comment>The time interval between two consecutive ventricular events is always less or equal to LRI.</comment>
			<result outcome="success" type="quality" timestamp="2024-08-28 08:36:48 +1200">
				<option key="--diagnostic" value="1"/>
			</result>
		</query>
		<query>
			<formula>E&lt;&gt; (Monitor_LRI.VP_Get imply Monitor_AVI.t &gt; TAVI)</formula>
			<comment>The pacemaker can deliver a pacing pulse (VP), where the time interval between this VP and its preceding atrial event is greater than AVI.</comment>
			<result outcome="success" type="quality" timestamp="2024-08-28 08:36:56 +1200">
				<option key="--diagnostic" value="1"/>
			</result>
		</query>
	</queries>
</nta>
